customer_id,join_date,plan_tier,mrr,region,support_tickets,active_users,churn_risk_score
CUST-1000,2025-09-28,Starter,57.05,Europe,4,372,
CUST-1001,2025-09-09,Pro,747.65,United States,4,19,0.75
CUST-1002,2025-05-21,Pro,766.19,Europe,6,398,0.07
CUST-1003,2025-09-02,Pro,408.06,USA,9,120,0.16
CUST-1004,2025-09-14,Starter,84.87,USA,11,151,0.45
CUST-1005,2025-07-30,Pro,832.19,United States,4,35,0.69
CUST-1006,2025-02-05,Enterprise,1669.8,United States,4,29,0.32
CUST-1007,2025-03-25,Starter,74.58,APAC,8,105,0.49
CUST-1008,2025-02-03,Pro,909.02,APAC,3,143,0.2
CUST-1009,2025-04-15,Enterprise,6399.5,LATAM,1,113,0.57
CUST-1010,2025-05-26,Pro,320.28,LATAM,6,427,0.27
CUST-1011,2025-06-07,Pro,492.14,North America,6,149,0.84
CUST-1012,2025-10-02,Pro,813.57,North America,6,412,0.4
CUST-1013,2025-01-17,Pro,930.51,LATAM,6,419,0.95
CUST-1014,2025-01-24,Enterprise,3015.49,USA,10,15,0.25
CUST-1015,2025-07-01,Pro,745.9,APAC,9,124,
CUST-1016,2025-06-08,Starter,54.76,United States,13,271,0.21
CUST-1017,2025-10-27,Starter,81.94,United States,1,220,0.61
CUST-1018,2025-08-03,Enterprise,2295.6,North America,11,297,0.88
CUST-1019,2025-08-04,Pro,466.17,Europe,2,116,0.5
CUST-1020,2025-04-09,Starter,122.15,USA,7,106,0.5
CUST-1021,2025-06-01,Starter,104.86,North America,7,10,0.43
CUST-1022,2025-08-26,Starter,76.94,North America,5,60,0.54
CUST-1023,2025-10-06,Pro,993.24,APAC,5,420,0.15
CUST-1024,2025-03-25,Enterprise,6461.02,LATAM,3,246,0.94
CUST-1025,2025-03-11,Pro,314.48,LATAM,13,369,0.69
CUST-1026,2025-01-03,Starter,146.25,Europe,6,407,0.86
CUST-1027,2025-04-19,Starter,131.03,Europe,9,115,0.37
CUST-1028,2025-05-10,Pro,365.27,USA,1,56,0.73
CUST-1029,2025-01-21,Pro,921.36,North America,9,415,0.52
CUST-1030,2025-09-15,Pro,659.46,North America,0,303,
CUST-1031,2025-06-10,Enterprise,7273.92,LATAM,9,144,0.3
CUST-1032,2025-08-06,Starter,126.91,APAC,10,193,0.06
CUST-1033,2025-02-27,Starter,65.52,Europe,8,88,0.58
CUST-1034,2025-04-02,Pro,819.29,LATAM,2,357,0.22
CUST-1035,2025-06-09,Starter,139.86,United States,2,116,0.84
CUST-1036,2025-10-14,Pro,623.2,Europe,13,170,0.4
CUST-1037,2025-08-27,Enterprise,1766.84,LATAM,0,287,0.7
CUST-1038,2025-04-27,Enterprise,4034.42,APAC,8,60,0.76
CUST-1039,2025-01-09,Pro,636.62,Europe,6,308,0.56
CUST-1040,2025-05-15,Enterprise,3858.65,USA,9,19,0.89
CUST-1041,2025-04-26,Starter,115.11,LATAM,13,430,0.21
CUST-1042,2025-06-22,Pro,674.43,United States,0,239,0.51
CUST-1043,2025-03-12,Starter,96.12,USA,8,51,0.31
CUST-1044,2025-04-08,Enterprise,8066.19,USA,7,211,0.66
CUST-1045,2025-02-01,Starter,99.93,USA,12,58,
CUST-1046,2025-05-31,Starter,59.09,LATAM,12,206,0.12
CUST-1047,2025-08-12,Starter,115.84,LATAM,9,332,0.29
CUST-1048,2025-09-08,Pro,670.94,APAC,5,322,0.2
CUST-1049,2025-07-03,Starter,49.83,United States,13,351,0.22
CUST-1050,2025-01-29,Starter,80.48,Europe,3,1,0.23
CUST-1051,2025-07-22,Enterprise,5411.71,USA,9,394,0.19
CUST-1052,2025-03-10,Enterprise,7918.88,North America,9,238,0.86
CUST-1053,2025-06-28,Pro,857.6,Europe,10,356,0.89
CUST-1054,2025-06-27,Enterprise,6278.95,North America,11,321,0.43
CUST-1055,2025-06-28,Pro,896.58,APAC,1,360,0.2
CUST-1056,2025-02-16,Starter,87.62,LATAM,11,205,0.86
CUST-1057,2025-02-26,Pro,975.7,United States,0,295,0.24
CUST-1058,2025-03-14,Enterprise,5214.4,APAC,10,401,0.2
CUST-1059,2025-04-24,Enterprise,4937.34,LATAM,12,89,0.19
CUST-1060,2025-02-24,Enterprise,4472.57,LATAM,14,215,
CUST-1061,2025-06-11,Pro,346.66,North America,14,76,0.93
CUST-1062,2025-08-29,Starter,62.59,United States,11,92,0.57
CUST-1063,2025-06-07,Pro,367.72,LATAM,4,232,0.28
CUST-1064,2025-04-14,Pro,584.36,USA,14,303,0.48
CUST-1065,2025-09-21,Enterprise,4852.42,Europe,1,87,0.95
CUST-1066,2025-05-03,Starter,119.81,USA,13,374,0.54
CUST-1067,2025-06-06,Pro,792.22,USA,2,221,0.84
CUST-1068,2025-10-24,Enterprise,1597.91,USA,13,227,0.39
CUST-1069,2025-01-23,Starter,85.63,North America,11,215,0.56
CUST-1070,2025-06-02,Pro,610.77,United States,3,422,0.27
CUST-1071,2025-02-26,Starter,111.36,APAC,8,413,0.67
CUST-1072,2025-07-04,Pro,773.7,United States,5,338,0.82
CUST-1073,2025-09-14,Pro,978.45,North America,13,114,0.3
CUST-1074,2025-10-25,Enterprise,3714.68,USA,13,316,0.71
CUST-1075,2025-06-27,Pro,776.89,USA,10,30,
CUST-1076,2025-10-21,Enterprise,5044.82,USA,8,53,0.15
CUST-1077,2025-10-22,Pro,648.08,North America,12,301,0.55
CUST-1078,2025-07-27,Starter,71.58,Europe,11,405,0.45
CUST-1079,2025-04-17,Starter,87.61,APAC,7,274,0.2
CUST-1080,2025-10-21,Enterprise,3353.04,Europe,13,295,0.5
CUST-1081,2025-10-02,Enterprise,6462.96,United States,5,201,0.11
CUST-1082,2025-07-26,Starter,61.0,LATAM,3,50,0.12
CUST-1083,2025-02-17,Starter,119.35,LATAM,11,280,0.31
CUST-1084,2025-07-10,Pro,529.59,USA,2,332,0.86
CUST-1085,2025-03-28,Enterprise,2479.16,Europe,6,366,0.18
CUST-1086,2025-08-27,Starter,146.33,USA,3,240,0.28
CUST-1087,2025-04-23,Enterprise,7466.56,United States,3,88,0.91
CUST-1088,2025-08-20,Enterprise,8233.34,Europe,3,177,0.45
CUST-1089,2025-06-23,Starter,112.69,APAC,3,167,0.15
CUST-1090,2025-08-14,Enterprise,3642.22,Europe,10,261,
CUST-1091,2025-05-12,Enterprise,2647.67,APAC,10,421,0.07
CUST-1092,2025-01-21,Enterprise,4471.1,LATAM,5,378,0.93
CUST-1093,2025-04-22,Pro,958.33,USA,2,286,0.09
CUST-1094,2025-04-12,Enterprise,2703.95,United States,5,374,0.45
CUST-1095,2025-06-06,Pro,477.67,Europe,6,408,0.36
CUST-1096,2025-08-18,Pro,520.13,North America,10,412,0.22
CUST-1097,2025-02-10,Pro,548.15,Europe,10,315,0.4
CUST-1098,2025-10-09,Starter,52.84,United States,12,277,0.74
CUST-1099,2025-03-06,Starter,112.06,USA,7,342,0.42
CUST-1100,2025-05-09,Enterprise,2445.5,United States,11,431,0.5
CUST-1101,2025-04-10,Pro,555.47,LATAM,11,37,0.34
CUST-1102,2025-01-08,Starter,58.12,USA,2,228,0.66
CUST-1103,2025-07-27,Pro,887.81,APAC,5,115,0.64
CUST-1104,2025-01-06,Enterprise,2677.92,LATAM,9,165,0.95
CUST-1105,2025-09-10,Starter,65.59,North America,6,360,
CUST-1106,2025-06-24,Pro,790.39,LATAM,7,171,0.78
CUST-1107,2025-08-04,Pro,372.0,Europe,13,16,0.1
CUST-1108,2025-08-05,Starter,130.82,North America,8,190,0.91
CUST-1109,2025-06-16,Pro,317.35,Europe,1,129,0.21
CUST-1110,2025-10-16,Pro,891.06,USA,1,31,0.3
CUST-1111,2025-09-04,Pro,420.64,Europe,6,356,0.9
CUST-1112,2025-03-25,Pro,394.49,North America,10,44,0.6
CUST-1113,2025-06-13,Starter,85.5,APAC,2,28,0.81
CUST-1114,2025-09-30,Starter,58.57,Europe,12,51,0.37
CUST-1115,2025-05-09,Starter,63.4,LATAM,13,4,0.35
CUST-1116,2025-08-08,Pro,324.87,Europe,6,322,0.33
CUST-1117,2025-04-22,Starter,127.26,North America,5,211,0.46
CUST-1118,2025-10-05,Pro,829.12,North America,2,165,0.42
CUST-1119,2025-01-02,Enterprise,7717.52,USA,1,147,0.26
CUST-1120,2025-07-03,Pro,821.74,APAC,0,224,
CUST-1121,2025-01-27,Starter,119.88,United States,0,22,0.81
CUST-1122,2025-07-04,Pro,703.0,North America,0,61,0.53
CUST-1123,2025-08-18,Starter,122.69,Europe,1,237,0.89
CUST-1124,2025-04-11,Starter,94.34,United States,9,397,0.38
CUST-1125,2025-03-26,Enterprise,2622.86,USA,13,5,0.86
CUST-1126,2025-07-10,Enterprise,3059.48,USA,2,74,0.58
CUST-1127,2025-09-06,Enterprise,3813.18,Europe,8,299,0.4
CUST-1128,2025-05-15,Enterprise,7904.72,LATAM,0,191,0.54
CUST-1129,2025-06-05,Starter,134.83,Europe,1,355,0.12
CUST-1130,2025-01-17,Starter,111.72,Europe,7,253,0.24
CUST-1131,2025-08-03,Pro,884.46,USA,7,20,0.12
CUST-1132,2025-07-13,Starter,64.64,North America,0,333,0.49
CUST-1133,2025-06-28,Pro,936.63,APAC,13,316,0.46
CUST-1134,2025-09-09,Starter,107.64,Europe,2,34,0.67
CUST-1135,2025-05-21,Enterprise,6591.68,Europe,8,17,
CUST-1136,2025-07-17,Enterprise,4822.14,APAC,10,259,0.59
CUST-1137,2025-07-09,Enterprise,4175.89,USA,8,92,0.13
CUST-1138,2025-05-17,Pro,330.66,North America,0,267,0.16
CUST-1139,2025-08-08,Starter,139.06,USA,0,326,0.5
CUST-1140,2025-03-09,Starter,50.75,Europe,14,6,0.27
CUST-1141,2025-09-27,Pro,833.28,APAC,6,390,0.12
CUST-1142,2025-07-07,Pro,732.56,United States,8,323,0.61
CUST-1143,2025-04-09,Starter,141.28,United States,2,251,0.17
CUST-1144,2025-03-02,Starter,71.06,Europe,1,407,0.88
CUST-1145,2025-04-20,Pro,694.69,USA,7,190,0.91
CUST-1146,2025-07-27,Pro,865.87,APAC,6,355,0.63
CUST-1147,2025-03-25,Starter,115.72,Europe,9,49,0.45
CUST-1148,2025-05-27,Pro,647.79,United States,0,410,0.14
CUST-1149,2025-03-13,Starter,134.94,Europe,2,380,0.53
CUST-1150,2025-02-20,Starter,100.31,USA,10,383,
CUST-1151,2025-03-04,Pro,543.03,APAC,4,328,0.46
CUST-1152,2025-03-09,Pro,672.83,Europe,9,427,0.78
CUST-1153,2025-03-17,Starter,110.17,LATAM,1,420,0.25
CUST-1154,2025-01-25,Pro,480.4,Europe,12,222,0.52
CUST-1155,2025-07-06,Pro,947.07,United States,0,365,0.12
CUST-1156,2025-06-06,Pro,361.42,United States,5,364,0.18
CUST-1157,2025-09-15,Starter,142.94,USA,2,69,0.76
CUST-1158,2025-08-22,Enterprise,7570.25,LATAM,13,423,0.56
CUST-1159,2025-03-28,Enterprise,6285.39,APAC,2,290,0.59
CUST-1160,2025-08-01,Enterprise,4016.51,Europe,2,382,0.95
CUST-1161,2025-03-27,Enterprise,7177.15,United States,8,11,0.8
CUST-1162,2025-06-03,Starter,76.76,Europe,1,75,0.41
CUST-1163,2025-09-23,Starter,85.34,USA,10,232,0.3
CUST-1164,2025-01-25,Starter,69.72,United States,4,319,0.46
CUST-1165,2025-03-10,Starter,133.07,USA,12,230,
CUST-1166,2025-03-06,Starter,81.63,USA,12,14,0.32
CUST-1167,2025-02-21,Pro,831.61,United States,11,134,0.42
CUST-1168,2025-06-20,Enterprise,6535.05,APAC,4,248,0.72
CUST-1169,2025-01-26,Starter,112.08,United States,3,73,0.15
CUST-1170,2025-04-30,Pro,699.23,Europe,6,396,0.3
CUST-1171,2025-04-15,Pro,442.41,LATAM,10,339,0.85
CUST-1172,2025-09-16,Pro,323.49,APAC,8,411,0.23
CUST-1173,2025-08-07,Pro,535.71,LATAM,10,249,0.07
CUST-1174,2025-01-17,Pro,598.21,North America,12,263,0.62
CUST-1175,2025-07-18,Pro,711.68,North America,12,410,0.94
CUST-1176,2025-07-30,Pro,373.86,LATAM,14,288,0.14
CUST-1177,2025-10-11,Enterprise,7893.23,USA,1,160,0.28
CUST-1178,2025-03-24,Pro,977.73,North America,6,124,0.18
CUST-1179,2025-01-04,Enterprise,7813.49,APAC,13,195,0.61
CUST-1180,2025-10-09,Pro,851.48,Europe,11,145,
CUST-1181,2025-02-17,Pro,543.46,United States,3,231,0.38
CUST-1182,2025-10-22,Pro,399.35,United States,10,324,0.68
CUST-1183,2025-04-06,Pro,768.57,USA,5,201,0.54
CUST-1184,2025-10-07,Starter,82.74,North America,4,123,0.26
CUST-1185,2025-09-05,Pro,704.0,North America,2,314,0.62
CUST-1186,2025-07-11,Starter,76.4,Europe,6,397,0.92
CUST-1187,2025-10-25,Enterprise,4050.4,USA,1,135,0.66
CUST-1188,2025-06-18,Starter,73.9,LATAM,10,203,0.7
CUST-1189,2025-04-21,Pro,755.05,North America,14,343,0.46
CUST-1190,2025-05-26,Enterprise,4737.79,Europe,5,55,0.93
CUST-1191,2025-05-09,Starter,91.36,Europe,8,371,0.87
CUST-1192,2025-01-23,Enterprise,2616.05,North America,0,120,0.17
CUST-1193,2025-03-30,Enterprise,4277.16,North America,3,295,0.32
CUST-1194,2025-03-01,Enterprise,6054.77,USA,5,296,0.63
CUST-1195,2025-03-05,Pro,590.45,United States,3,241,
CUST-1196,2025-06-14,Enterprise,8121.85,APAC,9,194,0.62
CUST-1197,2025-04-01,Enterprise,1596.38,North America,9,395,0.47
CUST-1198,2025-08-04,Starter,126.43,United States,8,367,0.92
CUST-1199,2025-04-12,Pro,977.19,APAC,13,285,0.5
